Station ID,Latitude,Longitude,Airport,City,County #,County Name
FR01001,49.535004,5.804447,,Longlaville,54,Meurthe-et-Moselle
FR01004,49.332497,6.271664,,Distroff,57,Moselle
FR01005,49.324722,6.076108,,Hayange,57,Moselle
FR01006,49.32083,6.14,,Florange,57,Moselle
FR01009,49.271393,6.1325,,Gandrange,57,Moselle
FR01010,49.164165,6.186392,,La Maxe,57,Moselle
FR01011,49.119442,6.180833,METZ-NANCY-LORRAINE,Metz,57,Moselle
FR01012,49.110283,6.223336,METZ-NANCY-LORRAINE,Metz,57,Moselle
FR01014,48.915,6.058336,METZ-NANCY-LORRAINE,Pont-à-Mousson,54,Meurthe-et-Moselle
FR01015,48.884724,6.051392,METZ-NANCY-LORRAINE,Blénod-lès-Pont-à-Mousson,54,Meurthe-et-Moselle
FR01016,48.886387,6.093611,METZ-NANCY-LORRAINE,Atton,54,Meurthe-et-Moselle
FR01017,49.09611,6.172778,METZ-NANCY-LORRAINE,Metz,57,Moselle
FR01018,49.107502,6.122775,METZ-NANCY-LORRAINE,Scy-Chazelles,57,Moselle
FR01019,49.36861,6.160831,,Thionville,57,Moselle
FR01020,49.358337,6.156942,,Thionville,57,Moselle
FR01021,49.394444,6.201392,,Thionville,57,Moselle
FR01022,49.131115,6.207225,METZ-NANCY-LORRAINE,Saint-Julien-lès-Metz,57,Moselle
FR01059,49.3374,6.08207,,Hayange,57,Moselle
FR01060,49.16885,6.212669,,Malroy,57,Moselle
FR01061,49.3331,6.1147,,Florange,57,Moselle
FR01063,49.321335,6.103931,,Serémange-Erzange,57,Moselle
FR01064,49.12508,6.181219,METZ-NANCY-LORRAINE,Metz,57,Moselle
FR01065,49.16778,5.387461,,Belleville-sur-Meuse,55,Meuse
FR01066,49.305088,6.101194,,Fameck,57,Moselle
FR01092,49.117123,6.856736,,Farébersviller,57,Moselle
FR02001,43.486233,5.171939,MARSEILLE-PROVENCE,Berre-l'Étang,13,Bouches-du-Rhône
FR02003,43.386814,5.16006,MARSEILLE-PROVENCE,Châteauneuf-les-Martigues,13,Bouches-du-Rhône
FR02004,43.41666,5.042731,MARSEILLE-PROVENCE,Martigues,13,Bouches-du-Rhône
FR02005,43.405296,5.051636,MARSEILLE-PROVENCE,Martigues,13,Bouches-du-Rhône
FR02006,43.358982,5.023388,MARSEILLE-PROVENCE,Martigues,13,Bouches-du-Rhône
FR02007,43.36069,5.058139,MARSEILLE-PROVENCE,Martigues,13,Bouches-du-Rhône
FR02008,43.40195,4.981919,,Port-de-Bouc,13,Bouches-du-Rhône
FR02009,43.39378,4.801024,,Port-Saint-Louis-du-Rhône,13,Bouches-du-Rhône
FR02010,43.500786,4.853818,,Arles,13,Bouches-du-Rhône
FR02011,43.43786,4.945116,,Fos-sur-Mer,13,Bouches-du-Rhône
FR02012,43.50615,4.982898,,Istres,13,Bouches-du-Rhône
FR02013,43.458927,4.934572,,Fos-sur-Mer,13,Bouches-du-Rhône
FR02014,43.42533,4.996785,MARSEILLE-PROVENCE,Port-de-Bouc,13,Bouches-du-Rhône
FR02016,43.63864,5.091892,,Salon-de-Provence,13,Bouches-du-Rhône
FR02018,43.548313,5.183108,MARSEILLE-PROVENCE,La Fare-les-Oliviers,13,Bouches-du-Rhône
FR02019,43.44603,5.254136,MARSEILLE-PROVENCE,Vitrolles,13,Bouches-du-Rhône
FR02020,43.510803,5.220046,MARSEILLE-PROVENCE,Rognac,13,Bouches-du-Rhône
FR02021,43.331245,5.117696,MARSEILLE-PROVENCE,Sausset-les-Pins,13,Bouches-du-Rhône
FR02022,43.675114,4.62921,,Arles,13,Bouches-du-Rhône
FR02023,43.788376,4.83465,AVIGNON-CAUMONT,Saint-Rémy-de-Provence,13,Bouches-du-Rhône
FR02024,43.457077,4.428002,,Saintes-Maries-de-la-Mer,13,Bouches-du-Rhône
FR02026,43.584694,5.006452,,Miramas,13,Bouches-du-Rhône
FR02028,43.386562,5.026868,MARSEILLE-PROVENCE,Martigues,13,Bouches-du-Rhône
FR02029,43.399548,5.113214,MARSEILLE-PROVENCE,Châteauneuf-les-Martigues,13,Bouches-du-Rhône
FR02030,43.47201,5.167704,MARSEILLE-PROVENCE,Berre-l'Étang,13,Bouches-du-Rhône
FR02031,43.415688,5.216875,MARSEILLE-PROVENCE,Marignane,13,Bouches-du-Rhône
FR02033,43.339893,5.058827,MARSEILLE-PROVENCE,Martigues,13,Bouches-du-Rhône
FR02034,43.37571,5.064025,MARSEILLE-PROVENCE,Martigues,13,Bouches-du-Rhône
FR02035,43.330868,5.151234,MARSEILLE-PROVENCE,Carry-le-Rouet,13,Bouches-du-Rhône
FR02036,43.398804,5.072803,MARSEILLE-PROVENCE,Martigues,13,Bouches-du-Rhône
FR02037,43.413944,4.985996,,Port-de-Bouc,13,Bouches-du-Rhône
FR02041,43.639004,5.101097,,Salon-de-Provence,13,Bouches-du-Rhône
FR02043,43.41653,5.222281,MARSEILLE-PROVENCE,Marignane,13,Bouches-du-Rhône
FR03002,43.29005,5.400252,,Marseille,13,Bouches-du-Rhône
FR03004,43.31543,5.386739,,Marseille,13,Bouches-du-Rhône
FR03006,43.27645,5.39736,,Marseille,13,Bouches-du-Rhône
FR03014,43.34805,5.360119,MARSEILLE-PROVENCE,Marseille,13,Bouches-du-Rhône
FR03021,43.524075,5.448164,,Aix-en-Provence,13,Bouches-du-Rhône
FR03027,43.3352,5.727365,,Plan-d'Aups-Sainte-Baume,83,Var
FR03029,43.530285,5.440912,,Aix-en-Provence,13,Bouches-du-Rhône
FR03030,43.453583,5.466672,,Gardanne,13,Bouches-du-Rhône
FR03031,43.708584,5.758152,,Saint-Paul-lès-Durance,13,Bouches-du-Rhône
FR03032,43.293137,5.574184,,Aubagne,13,Bouches-du-Rhône
FR03037,43.28334,5.511384,,La Penne-sur-Huveaune,13,Bouches-du-Rhône
FR03043,43.305286,5.394716,,Marseille,13,Bouches-du-Rhône
FR03045,43.26022,5.411003,,Marseille,13,Bouches-du-Rhône
FR03046,43.18659,5.607593,,La Ciotat,13,Bouches-du-Rhône
FR03047,43.296967,5.383156,,Marseille,13,Bouches-du-Rhône
FR03048,43.55578,5.461232,,Aix-en-Provence,13,Bouches-du-Rhône
FR03060,43.101566,5.875404,,La Seyne-sur-Mer,83,Var
FR03062,43.127476,5.927086,,Toulon,83,Var
FR03063,43.124584,5.924399,,Toulon,83,Var
FR03064,43.135902,6.011513,HYERES-LE-PALYVESTRE,La Valette-du-Var,83,Var
FR03067,43.39873,6.075611,,Brignoles,83,Var
FR03068,43.12682,5.921605,,Toulon,83,Var
FR03069,43.119736,6.131319,HYERES-LE-PALYVESTRE,Hyères,83,Var
FR03070,43.437874,6.76839,,Fréjus,83,Var
FR03071,43.13111,5.924184,,Toulon,83,Var
FR03080,43.949673,4.804341,AVIGNON-CAUMONT,Avignon,84,Vaucluse
FR03084,43.960144,4.856731,AVIGNON-CAUMONT,Le Pontet,84,Vaucluse
FR03086,43.88012,5.362038,,Apt,84,Vaucluse
FR03087,43.93706,4.824909,AVIGNON-CAUMONT,Avignon,84,Vaucluse
FR03088,44.06035,5.067413,,Carpentras,84,Vaucluse
FR04001,48.8225,2.2692,PARIS-ISSY-LES-MOULINEAUX|PARIS-ORLY,Issy-les-Moulineaux,92,Hauts-de-Seine
FR04002,48.92972,2.294722,PARIS-ISSY-LES-MOULINEAUX|PARIS-LE-BOURGET,Gennevilliers,92,Hauts-de-Seine
FR04004,48.891666,2.346667,PARIS-ISSY-LES-MOULINEAUX|PARIS-LE-BOURGET,Paris,75,Paris
FR04008,48.799442,2.330556,PARIS-ISSY-LES-MOULINEAUX|PARIS-ORLY,Cachan,94,Val-de-Marne
FR04012,48.827778,2.3275,PARIS-ISSY-LES-MOULINEAUX|PARIS-LE-BOURGET|PARIS-ORLY,Paris,75,Paris
FR04014,48.837223,2.3939,PARIS-ISSY-LES-MOULINEAUX|PARIS-LE-BOURGET|PARIS-ORLY,Paris,75,Paris
FR04017,48.88139,2.278056,PARIS-ISSY-LES-MOULINEAUX|PARIS-LE-BOURGET,Neuilly-sur-Seine,92,Hauts-de-Seine
FR04018,48.9039,2.3847,PARIS-CHARLES-DE-GAULLE|PARIS-ISSY-LES-MOULINEAUX|PARIS-LE-BOURGET,Aubervilliers,93,Seine-Saint-Denis
FR04023,49.04639,2.043056,,Cergy,95,Val-d'Oise
FR04024,48.99083,2.444722,PARIS-CHARLES-DE-GAULLE|PARIS-LE-BOURGET,Gonesse,95,Val-d'Oise
FR04029,48.799168,2.130556,PARIS-ISSY-LES-MOULINEAUX,Versailles,78,Yvelines
FR04031,48.86889,2.311944,PARIS-ISSY-LES-MOULINEAUX|PARIS-LE-BOURGET|PARIS-ORLY,Paris,75,Paris
FR04034,48.7758,2.3758,PARIS-ISSY-LES-MOULINEAUX|PARIS-ORLY,Vitry-sur-Seine,94,Val-de-Marne
FR04037,48.82861,2.360278,PARIS-ISSY-LES-MOULINEAUX|PARIS-LE-BOURGET|PARIS-ORLY,Paris,75,Paris
FR04038,48.581944,1.883333,,Sonchamp,78,Yvelines
FR04041,48.87333,2.32972,PARIS-ISSY-LES-MOULINEAUX|PARIS-LE-BOURGET|PARIS-ORLY,Paris,75,Paris
FR04048,49.100277,2.343889,PARIS-LE-BOURGET,Saint-Martin-du-Tertre,95,Val-d'Oise
FR04049,48.679443,2.165556,PARIS-ISSY-LES-MOULINEAUX|PARIS-ORLY,Les Ulis,91,Essonne
FR04051,48.95139,2.223611,PARIS-ISSY-LES-MOULINEAUX|PARIS-LE-BOURGET,Argenteuil,95,Val-d'Oise
FR04055,48.86212,2.344616,PARIS-ISSY-LES-MOULINEAUX|PARIS-LE-BOURGET|PARIS-ORLY,Paris,75,Paris
FR04058,48.925278,2.356667,PARIS-CHARLES-DE-GAULLE|PARIS-ISSY-LES-MOULINEAUX|PARIS-LE-BOURGET,Saint-Denis,93,Seine-Saint-Denis
FR04059,48.93722,2.361667,PARIS-CHARLES-DE-GAULLE|PARIS-ISSY-LES-MOULINEAUX|PARIS-LE-BOURGET,Saint-Denis,93,Seine-Saint-Denis
FR04060,48.8572,2.2933,PARIS-ISSY-LES-MOULINEAUX|PARIS-LE-BOURGET|PARIS-ORLY,Paris,75,Paris
FR04063,48.9964,1.7033,,Mantes-la-Jolie,78,Yvelines
FR04066,48.364166,2.236944,,Bois-Herpin,91,Essonne
FR04069,48.54139,2.661389,,Melun,77,Seine-et-Marne
FR04071,48.856388,2.335278,PARIS-ISSY-LES-MOULINEAUX|PARIS-LE-BOURGET|PARIS-ORLY,Paris,75,Paris
FR04098,48.84028,2.635278,,Lognes,77,Seine-et-Marne
FR04099,48.840557,2.484444,PARIS-ISSY-LES-MOULINEAUX|PARIS-LE-BOURGET|PARIS-ORLY,Nogent-sur-Marne,94,Val-de-Marne
FR04100,48.881947,2.507222,PARIS-CHARLES-DE-GAULLE|PARIS-LE-BOURGET,Villemomble,93,Seine-Saint-Denis
FR04101,48.816387,2.5175,PARIS-ISSY-LES-MOULINEAUX|PARIS-LE-BOURGET|PARIS-ORLY,Champigny-sur-Marne,94,Val-de-Marne
FR04105,48.8728,2.4219,PARIS-CHARLES-DE-GAULLE|PARIS-ISSY-LES-MOULINEAUX|PARIS-LE-BOURGET|PARIS-ORLY,Bagnolet,93,Seine-Saint-Denis
FR04118,48.870274,2.3325,PARIS-ISSY-LES-MOULINEAUX|PARIS-LE-BOURGET|PARIS-ORLY,Paris,75,Paris
FR04122,48.528057,2.653611,,Melun,77,Seine-et-Marne
FR04123,48.90222,2.390833,PARIS-CHARLES-DE-GAULLE|PARIS-ISSY-LES-MOULINEAUX|PARIS-LE-BOURGET,Pantin,93,Seine-Saint-Denis
FR04131,48.873333,2.330278,PARIS-ISSY-LES-MOULINEAUX|PARIS-LE-BOURGET|PARIS-ORLY,Paris,75,Paris
FR04135,48.83796,2.408061,PARIS-ISSY-LES-MOULINEAUX|PARIS-LE-BOURGET|PARIS-ORLY,Paris,75,Paris
FR04141,48.85278,2.360556,PARIS-ISSY-LES-MOULINEAUX|PARIS-LE-BOURGET|PARIS-ORLY,Paris,75,Paris
FR04142,49.028057,2.750278,PARIS-CHARLES-DE-GAULLE,Montgé-en-Goële,77,Seine-et-Marne
FR04143,48.859,2.351,PARIS-ISSY-LES-MOULINEAUX|PARIS-LE-BOURGET|PARIS-ORLY,Paris,75,Paris
FR04145,48.84639,2.189444,PARIS-ISSY-LES-MOULINEAUX,Garches,92,Hauts-de-Seine
FR04146,48.8175,2.395,PARIS-ISSY-LES-MOULINEAUX|PARIS-LE-BOURGET|PARIS-ORLY,Ivry-sur-Seine,94,Val-de-Marne
FR04149,48.7067,2.4572,PARIS-ORLY,Montgeron,91,Essonne
FR04150,48.891388,2.240556,PARIS-ISSY-LES-MOULINEAUX|PARIS-LE-BOURGET,Puteaux,92,Hauts-de-Seine
FR04156,48.902504,2.4525,PARIS-CHARLES-DE-GAULLE|PARIS-ISSY-LES-MOULINEAUX|PARIS-LE-BOURGET,Bobigny,93,Seine-Saint-Denis
FR04158,49.063087,1.866381,,Frémainville,95,Val-d'Oise
FR04173,48.8059,3.084158,,Coulommiers,77,Seine-et-Marne
FR04179,48.830387,2.269889,PARIS-ISSY-LES-MOULINEAUX|PARIS-ORLY,Paris,75,Paris
FR04180,48.64093,2.26872,PARIS-ORLY,Montlhéry,91,Essonne
FR04181,48.63373,1.830529,,Rambouillet,78,Yvelines
FR04184,48.231476,2.7061777,,Bagneaux-sur-Loing,77,Seine-et-Marne
FR04185,48.81588,2.9912472,,Pommeuse,77,Seine-et-Marne
FR04319,48.95555,2.575278,PARIS-CHARLES-DE-GAULLE|PARIS-LE-BOURGET,Tremblay-en-France,93,Seine-Saint-Denis
FR04322,48.8603,1.6767,,Prunay-le-Temple,78,Yvelines
FR04323,48.62722,2.429167,PARIS-ORLY,Évry-Courcouronnes,91,Essonne
FR04324,48.761665,3.058333,,Beautheil-Saints,77,Seine-et-Marne
FR04328,48.3547,2.6453,,Fontainebleau,77,Seine-et-Marne
FR04329,48.838615,2.412781,PARIS-ISSY-LES-MOULINEAUX|PARIS-LE-BOURGET|PARIS-ORLY,Paris,75,Paris
FR04331,48.985523,1.754142,,Limay,78,Yvelines
FR04333,48.948124,2.248817,PARIS-ISSY-LES-MOULINEAUX|PARIS-LE-BOURGET,Argenteuil,95,Val-d'Oise
FR05010,49.528927,0.358733,,Saint-Romain-de-Colbosc,76,Seine-Maritime
FR05037,49.503906,0.175731,DEAUVILLE-ST-GATIEN|LE-HAVRE-OCTEVILLE-SUR-MER,Le Havre,76,Seine-Maritime
FR05054,49.481087,0.165289,DEAUVILLE-ST-GATIEN|LE-HAVRE-OCTEVILLE-SUR-MER,Le Havre,76,Seine-Maritime
FR05056,49.47372,0.526158,,Quillebeuf-sur-Seine,27,Eure
FR05069,49.487682,0.451756,,Tancarville,76,Seine-Maritime
FR05070,49.505,0.201694,DEAUVILLE-ST-GATIEN|LE-HAVRE-OCTEVILLE-SUR-MER,Harfleur,76,Seine-Maritime
FR05072,49.50386,0.084614,DEAUVILLE-ST-GATIEN|LE-HAVRE-OCTEVILLE-SUR-MER,Sainte-Adresse,76,Seine-Maritime
FR05074,49.48963,0.100703,DEAUVILLE-ST-GATIEN|LE-HAVRE-OCTEVILLE-SUR-MER,Le Havre,76,Seine-Maritime
FR05078,49.4983,0.142706,DEAUVILLE-ST-GATIEN|LE-HAVRE-OCTEVILLE-SUR-MER,Le Havre,76,Seine-Maritime
FR05079,49.545414,0.185369,LE-HAVRE-OCTEVILLE-SUR-MER,Montivilliers,76,Seine-Maritime
FR05080,49.50362,0.266872,DEAUVILLE-ST-GATIEN|LE-HAVRE-OCTEVILLE-SUR-MER,Rogerville,76,Seine-Maritime
FR05081,49.504036,0.411594,,La Cerlangue,76,Seine-Maritime
FR05082,49.348,0.109253,DEAUVILLE-ST-GATIEN,Touques,14,Calvados
FR05083,49.50273,0.232486,DEAUVILLE-ST-GATIEN|LE-HAVRE-OCTEVILLE-SUR-MER,Gonfreville-l'Orcher,76,Seine-Maritime
FR05084,49.493332,0.571853,,Port-Jérôme-sur-Seine,76,Seine-Maritime
FR05085,49.512146,0.539036,,Lillebonne,76,Seine-Maritime
FR05087,49.498295,0.758833,,Notre-Dame-de-Bliquetuit,76,Seine-Maritime
FR05088,49.75,0.4159,,Fécamp,76,Seine-Maritime
FR05089,49.500187,0.110903,DEAUVILLE-ST-GATIEN|LE-HAVRE-OCTEVILLE-SUR-MER,Le Havre,76,Seine-Maritime
FR05090,49.514687,0.100645,DEAUVILLE-ST-GATIEN|LE-HAVRE-OCTEVILLE-SUR-MER,Le Havre,76,Seine-Maritime
FR05100,49.4994,0.108361,DEAUVILLE-ST-GATIEN|LE-HAVRE-OCTEVILLE-SUR-MER,Le Havre,76,Seine-Maritime
FR05500,49.4989,0.2296,DEAUVILLE-ST-GATIEN|LE-HAVRE-OCTEVILLE-SUR-MER,Gonfreville-l'Orcher,76,Seine-Maritime
FR05501,49.4975,0.2531,DEAUVILLE-ST-GATIEN|LE-HAVRE-OCTEVILLE-SUR-MER,Rogerville,76,Seine-Maritime
FR05502,49.4675,0.531,,Quillebeuf-sur-Seine,27,Eure
FR05503,49.4811,0.574611,,Port-Jérôme-sur-Seine,76,Seine-Maritime
FR05504,49.5032,0.1301,DEAUVILLE-ST-GATIEN|LE-HAVRE-OCTEVILLE-SUR-MER,Le Havre,76,Seine-Maritime
FR06001,50.35853,3.50804,VALENCIENNES-DENAIN,Valenciennes,59,Nord
FR06003,50.37822,3.06586,,Douai,59,Nord
FR06006,50.36425,3.52273,VALENCIENNES-DENAIN,Valenciennes,59,Nord
FR06007,50.27936,3.97691,,Maubeuge,59,Nord
FR06009,50.17249,3.23606,,Cambrai,59,Nord
FR06011,50.32276,3.39593,VALENCIENNES-DENAIN,Denain,59,Nord
FR06022,50.36641,3.33942,VALENCIENNES-DENAIN,Hornaing,59,Nord
FR06023,50.420288,3.551811,VALENCIENNES-DENAIN,Escautpont,59,Nord
FR06133,50.09225,3.85003,,Cartignies,59,Nord
FR06134,50.45647,3.42794,VALENCIENNES-DENAIN,Saint-Amand-les-Eaux,59,Nord
FR07001,45.764668,3.047194,CLERMONT-FERRAND-CLERMONT-FERRAND/AUVERGNE,Royat,63,Puy-de-Dôme
FR07004,45.79728,3.113833,CLERMONT-FERRAND-CLERMONT-FERRAND/AUVERGNE,Clermont-Ferrand,63,Puy-de-Dôme
FR07008,45.78089,3.094583,CLERMONT-FERRAND-CLERMONT-FERRAND/AUVERGNE,Clermont-Ferrand,63,Puy-de-Dôme
FR07009,45.772167,3.0875,CLERMONT-FERRAND-CLERMONT-FERRAND/AUVERGNE,Clermont-Ferrand,63,Puy-de-Dôme
FR07010,46.344,2.598,,Montluçon,03,Allier
FR07011,44.923164,2.436778,AURILLAC,Aurillac,15,Cantal
FR07012,45.045002,3.883001,LE-PUY-LOUDES,Le Puy-en-Velay,43,Haute-Loire
FR07013,46.34,2.605,,Montluçon,03,Allier
FR07014,44.898335,2.420194,AURILLAC,Aurillac,15,Cantal
FR07016,46.324,2.601,,Montluçon,03,Allier
FR07017,44.93133,2.445168,AURILLAC,Aurillac,15,Cantal
FR07018,45.030003,3.876,LE-PUY-LOUDES,Vals-près-le-Puy,43,Haute-Loire
FR07020,46.06028,3.515139,VICHY-CHARMEIL,Busset,03,Allier
FR07022,46.652668,3.600667,,Paray-le-Frésil,03,Allier
FR07023,45.51039,2.930361,,Besse-et-Saint-Anastaise,63,Puy-de-Dôme
FR07028,45.929333,2.829806,,Les Ancizes-Comps,63,Puy-de-Dôme
FR07029,45.274727,3.687917,,Sembadel,43,Haute-Loire
FR07031,45.10472,3.277361,,Rageade,15,Cantal
FR07032,45.894196,3.115056,CLERMONT-FERRAND-CLERMONT-FERRAND/AUVERGNE,Riom,63,Puy-de-Dôme
FR07034,45.775696,3.09625,CLERMONT-FERRAND-CLERMONT-FERRAND/AUVERGNE,Clermont-Ferrand,63,Puy-de-Dôme
FR07038,45.544533,3.248278,,Issoire,63,Puy-de-Dôme
FR07039,45.774727,3.062978,CLERMONT-FERRAND-CLERMONT-FERRAND/AUVERGNE,Chamalières,63,Puy-de-Dôme
FR07043,45.04286,3.888806,LE-PUY-LOUDES,Le Puy-en-Velay,43,Haute-Loire
FR07045,45.54542,3.248247,,Issoire,63,Puy-de-Dôme
FR07047,46.4409,3.361061,,Bessay-sur-Allier,03,Allier
FR07048,46.659046,3.249247,,Villeneuve-sur-Allier,03,Allier
FR07049,46.56187,3.331089,,Moulins,03,Allier
FR07051,45.769,3.155,CLERMONT-FERRAND-CLERMONT-FERRAND/AUVERGNE,Clermont-Ferrand,63,Puy-de-Dôme
FR07052,44.92008,2.441082,AURILLAC,Aurillac,15,Cantal
FR07053,45.780434,3.111592,CLERMONT-FERRAND-CLERMONT-FERRAND/AUVERGNE,Clermont-Ferrand,63,Puy-de-Dôme
FR07054,45.039,3.887001,LE-PUY-LOUDES,Le Puy-en-Velay,43,Haute-Loire
FR07055,44.984444,4.2260833,,Fay-sur-Lignon,43,Haute-Loire
FR07056,44.98377,4.226006,,Fay-sur-Lignon,43,Haute-Loire
FR07057,46.561974,3.3406389,,Moulins,03,Allier
FR07058,46.34072,2.593945,,Montluçon,03,Allier
FR07059,46.130432,3.425694,VICHY-CHARMEIL,Vichy,03,Allier
FR07060,45.76411,3.046111,CLERMONT-FERRAND-CLERMONT-FERRAND/AUVERGNE,Royat,63,Puy-de-Dôme
FR07061,45.89674,3.122254,CLERMONT-FERRAND-CLERMONT-FERRAND/AUVERGNE,Riom,63,Puy-de-Dôme
FR07202,45.807487,3.111111,CLERMONT-FERRAND-CLERMONT-FERRAND/AUVERGNE,Clermont-Ferrand,63,Puy-de-Dôme
FR07203,45.86876,3.60328,,La Monnerie-le-Montel,63,Puy-de-Dôme
FR08003,43.6113,3.86626,MONTPELLIER-MEDITERRANEE,Montpellier,34,Hérault
FR08004,43.6051,3.87464,MONTPELLIER-MEDITERRANEE,Montpellier,34,Hérault
FR08016,43.5915,3.88681,MONTPELLIER-MEDITERRANEE,Montpellier,34,Hérault
FR08017,43.5705,3.9118,MONTPELLIER-MEDITERRANEE,Lattes,34,Hérault
FR08018,43.6926,3.80021,MONTPELLIER-MEDITERRANEE,Saint-Gély-du-Fesc,34,Hérault
FR08020,43.6758,4.08838,MONTPELLIER-MEDITERRANEE,Lunel-Viel,34,Hérault
FR08022,43.2875,3.50484,BEZIERS-VIAS,Agde,34,Hérault
FR08023,43.4068,3.18878,BEZIERS-VIAS,Corneilhan,34,Hérault
FR08025,43.5944,2.80296,,Fraisse-sur-Agout,34,Hérault
FR08026,43.4282,3.60356,,Mèze,34,Hérault
FR08030,43.6096,3.89878,MONTPELLIER-MEDITERRANEE,Montpellier,34,Hérault
FR08204,43.8292,4.64295,,Tarascon,13,Bouches-du-Rhône
FR08209,43.9426,4.67958,,Saze,30,Gard
FR08252,44.054474,4.697408,,Saint-Laurent-des-Arbres,30,Gard
FR08508,43.724606,4.246406,NIMES-GARONS-,Vergèze,30,Gard
FR08614,43.8344,4.3744,NIMES-GARONS-,Nîmes,30,Gard
FR08616,43.8299,4.36199,NIMES-GARONS-,Nîmes,30,Gard
FR08617,43.9254,4.26581,,La Calmette,30,Gard
FR08618,44.1424,4.13832,,Saint-Privat-des-Vieux,30,Gard
FR08712,42.7198,2.83988,PERPIGNAN-RIVESALTES,Saint-Estève,66,Pyrénées-Orientales
FR08713,42.6835,2.90351,PERPIGNAN-RIVESALTES,Perpignan,66,Pyrénées-Orientales
FR08714,42.6955,2.90053,PERPIGNAN-RIVESALTES,Perpignan,66,Pyrénées-Orientales
FR09003,46.162556,-1.153603,LA-ROCHELLE-ILE-DE-RE,La Rochelle,17,Charente-Maritime
FR09008,46.135155,-1.117042,LA-ROCHELLE-ILE-DE-RE,Aytré,17,Charente-Maritime
FR09009,46.58305,0.344889,POITIERS-BIARD,Poitiers,86,Vienne
FR09010,46.655334,0.376236,POITIERS-BIARD,Chasseneuil-du-Poitou,86,Vienne
FR09015,46.586918,0.358583,POITIERS-BIARD,Poitiers,86,Vienne
FR09016,45.60882,0.099722,ANGOULEME-BRIE-CHAMPNIERS,La Couronne,16,Charente
FR09017,45.694725,-0.323361,,Cognac,16,Charente
FR09019,46.329586,-0.458889,NIORT-SOUCHE,Niort,79,Deux-Sèvres
FR09033,46.157883,-1.267922,LA-ROCHELLE-ILE-DE-RE,Rivedoux-Plage,17,Charente-Maritime
FR09103,45.647415,0.167167,ANGOULEME-BRIE-CHAMPNIERS,Angoulême,16,Charente
FR09104,45.64578,0.159472,ANGOULEME-BRIE-CHAMPNIERS,Angoulême,16,Charente
FR09105,45.886185,0.581483,,Terres-de-Haute-Charente,16,Charente
FR09106,45.65145,0.16236667,ANGOULEME-BRIE-CHAMPNIERS,Angoulême,16,Charente
FR09107,45.68695,-0.323869,,Cognac,16,Charente
FR09202,46.159,-1.145999,LA-ROCHELLE-ILE-DE-RE,La Rochelle,17,Charente-Maritime
FR09203,46.16161,-1.211203,LA-ROCHELLE-ILE-DE-RE,La Rochelle,17,Charente-Maritime
FR09204,46.16355,-1.146367,LA-ROCHELLE-ILE-DE-RE,La Rochelle,17,Charente-Maritime
FR09205,46.15372,-1.145611,LA-ROCHELLE-ILE-DE-RE,La Rochelle,17,Charente-Maritime
FR09206,46.158,-1.155999,LA-ROCHELLE-ILE-DE-RE,La Rochelle,17,Charente-Maritime
FR09207,46.309624,-0.991908,,Marans,17,Charente-Maritime
FR09301,46.824368,-0.135461,,Airvault,79,Deux-Sèvres
FR09302,46.143173,-0.396042,,Villiers-en-Bois,79,Deux-Sèvres
FR09303,46.320015,-0.482888,NIORT-SOUCHE,Niort,79,Deux-Sèvres
FR09304,46.823803,-0.135608,,Airvault,79,Deux-Sèvres
FR09399,46.321976,-0.4664312,NIORT-SOUCHE,Niort,79,Deux-Sèvres
FR09402,46.570004,0.323575,POITIERS-BIARD,Poitiers,86,Vienne
FR09403,46.5909,0.3404,POITIERS-BIARD,Poitiers,86,Vienne
FR09404,46.58389,0.345556,POITIERS-BIARD,Poitiers,86,Vienne
FR09405,46.55874,0.506875,POITIERS-BIARD,Saint-Julien-l'Ars,86,Vienne
FR10003,51.05206,2.35378,,Dunkerque,59,Nord
FR10004,51.04858,2.42004,,Dunkerque,59,Nord
FR10007,51.03381,2.3352,,Dunkerque,59,Nord
FR10012,51.01943,2.25099,,Dunkerque,59,Nord
FR10013,50.99599,2.21466,,Loon-Plage,59,Nord
FR10016,50.94729,1.84308,CALAIS-DUNKERQUE,Calais,62,Pas-de-Calais
FR10017,51.03276,2.332358,,Dunkerque,59,Nord
FR10025,50.94989,1.76917,CALAIS-DUNKERQUE,Sangatte,62,Pas-de-Calais
FR10026,50.9578,1.89008,CALAIS-DUNKERQUE,Calais,62,Pas-de-Calais
FR10027,50.96156,1.8739,CALAIS-DUNKERQUE,Calais,62,Pas-de-Calais
FR10028,50.98106,2.14317,,Gravelines,59,Nord
FR10029,50.99594,2.36627,,Cappelle-la-Grande,59,Nord
FR10030,50.71703,1.605913,,Boulogne-sur-Mer,62,Pas-de-Calais
FR10031,50.71247,1.6081,,Boulogne-sur-Mer,62,Pas-de-Calais
FR10032,50.69435,1.57657,,Outreau,62,Pas-de-Calais
FR10034,51.02446,2.30215,,Grande-Synthe,59,Nord
FR10041,50.74823,2.25978,,Saint-Omer,62,Pas-de-Calais
FR10132,50.61048,1.99145,,Campagne-lès-Boulonnais,62,Pas-de-Calais
FR11007,50.640793,3.074772,LILLE-LESQUIN,Lille,59,Nord
FR11016,50.67003,3.07656,LILLE-LESQUIN,Marcq-en-Barœul,59,Nord
FR11022,50.68719,2.88004,,Armentières,59,Nord
FR11025,50.62805,3.09031,LILLE-LESQUIN,Lille,59,Nord
FR11026,50.775482,3.12568,,Halluin,59,Nord
FR11027,50.7242,3.15906,,Tourcoing,59,Nord
FR11030,50.532032,2.839,LILLE-LESQUIN,Salomé,59,Nord
FR11033,50.58859,3.11598,LILLE-LESQUIN,Lesquin,59,Nord
FR11034,50.706535,3.18066,LILLE-LESQUIN,Roubaix,59,Nord
FR11114,50.59774,3.04946,LILLE-LESQUIN,Wattignies,59,Nord
FR12001,43.620003,1.3475,TOULOUSE-BLAGNAC,Colomiers,31,Haute-Garonne
FR12004,43.575695,1.418064,TOULOUSE-BLAGNAC,Toulouse,31,Haute-Garonne
FR12008,43.599976,1.442136,TOULOUSE-BLAGNAC,Toulouse,31,Haute-Garonne
FR12009,43.604507,1.439778,TOULOUSE-BLAGNAC,Toulouse,31,Haute-Garonne
FR12012,43.635918,1.43175,TOULOUSE-BLAGNAC,Toulouse,31,Haute-Garonne
FR12013,43.632465,1.432011,TOULOUSE-BLAGNAC,Toulouse,31,Haute-Garonne
FR12015,43.093613,0.743611,,Miramont-de-Comminges,31,Haute-Garonne
FR12016,43.106155,0.71955,,Saint-Gaudens,31,Haute-Garonne
FR12017,43.928055,2.1625,ALBI-LE-SEQUESTRE,Albi,81,Tarn
FR12020,43.6287,0.179069,,Peyrusse-Vieille,32,Gers
FR12021,43.623608,1.438531,TOULOUSE-BLAGNAC,Toulouse,31,Haute-Garonne
FR12026,43.92777,2.145897,ALBI-LE-SEQUESTRE,Albi,81,Tarn
FR12029,43.883934,0.845617,,Gaudonville,32,Gers
FR12030,43.587345,1.444003,TOULOUSE-BLAGNAC,Toulouse,31,Haute-Garonne
FR12031,43.44139,1.821944,,Bélesta-en-Lauragais,31,Haute-Garonne
FR12038,43.635967,1.429497,TOULOUSE-BLAGNAC,Toulouse,31,Haute-Garonne
FR12039,43.56158,1.393261,TOULOUSE-BLAGNAC,Toulouse,31,Haute-Garonne
FR12040,43.556374,1.403964,TOULOUSE-BLAGNAC,Toulouse,31,Haute-Garonne
FR12041,43.457306,1.571469,,Montgiscard,31,Haute-Garonne
FR12042,43.09625,-0.040497,TARBES-LOURDES-PYRENEES,Lourdes,65,Hautes-Pyrénées
FR12044,43.633476,1.375717,TOULOUSE-BLAGNAC,Blagnac,31,Haute-Garonne
FR12045,43.094994,-0.052394,TARBES-LOURDES-PYRENEES,Lourdes,65,Hautes-Pyrénées
FR12046,44.022743,1.411761,,Montauban,82,Tarn-et-Garonne
FR12047,43.80314,1.595475,,Bessières,31,Haute-Garonne
FR12049,44.555225,2.219639,,Viviez,12,Aveyron
FR12050,44.560543,2.226169,,Viviez,12,Aveyron
FR12051,44.545853,2.2257,,Viviez,12,Aveyron
FR12052,43.230297,0.062339,TARBES-LOURDES-PYRENEES,Tarbes,65,Hautes-Pyrénées
FR12053,43.610497,2.23015,CASTRES-MAZAMET,Castres,81,Tarn
FR12054,43.643944,1.468244,TOULOUSE-BLAGNAC,Toulouse,31,Haute-Garonne
FR12055,43.92213,2.146844,ALBI-LE-SEQUESTRE,Albi,81,Tarn
FR12056,44.10618,3.072178,,Millau,12,Aveyron
FR12057,43.11442,1.622586,,Pamiers,09,Ariège
FR12085,43.610386,1.4152,TOULOUSE-BLAGNAC,Toulouse,31,Haute-Garonne
FR12095,44.35699,2.5707042,RODEZ-MARCILLAC,Rodez,12,Aveyron
FR14004,49.25861,4.031111,,Reims,51,Marne
FR14008,49.90778,4.63,,Les Mazures,08,Ardennes
FR14010,49.28222,4.051111,,Bétheny,51,Marne
FR14011,49.250732,4.023064,,Reims,51,Marne
FR14012,49.224167,4.020556,,Reims,51,Marne
FR14013,49.2477,4.034142,,Reims,51,Marne
FR14022,48.962223,4.36,,Châlons-en-Champagne,51,Marne
FR14028,49.0461,3.955911,,Épernay,51,Marne
FR14029,48.7266,4.594781,,Vitry-le-François,51,Marne
FR14031,48.301666,4.076944,TROYES-BARBEREY,Troyes,10,Aube
FR14032,48.299168,4.117222,TROYES-BARBEREY,Saint-Parres-aux-Tertres,10,Aube
FR14033,48.295002,4.050278,TROYES-BARBEREY,Sainte-Savine,10,Aube
FR14042,48.645836,4.966111,,Saint-Dizier,52,Haute-Marne
FR14048,47.9542,5.7491,,Bourbonne-les-Bains,52,Haute-Marne
FR14051,49.745277,4.719167,,Charleville-Mézières,08,Ardennes
FR14059,49.88921,4.535761,,Bourg-Fidèle,08,Ardennes
FR14201,49.34915,4.069595,,Bourgogne-Fresne,51,Marne
FR14202,48.9559,4.365281,,Châlons-en-Champagne,51,Marne
FR14203,49.1586,3.912613,,Pourcy,51,Marne
FR14801,49.233612,4.056939,,Reims,51,Marne
FR14802,49.263817,4.048806,,Reims,51,Marne
FR14851,50.13585,4.836361,,Givet,08,Ardennes
FR14852,49.88245,4.741405,,Monthermé,08,Ardennes
FR14853,49.73631,4.824764,,Vivier-au-Court,08,Ardennes
FR14854,49.396194,4.702,,Vouziers,08,Ardennes
FR14857,49.89096,4.53977,,Bourg-Fidèle,08,Ardennes
FR15001,45.4276,5.5178,GRENOBLE-ISERE,Charavines,38,Isère
FR15013,45.07954,5.728653,,Champ-sur-Drac,38,Isère
FR15017,45.19049,5.687023,,Fontaine,38,Isère
FR15018,45.360176,5.589419,,Voiron,38,Isère
FR15031,44.997,6.4694,,Le Monêtier-les-Bains,05,Hautes-Alpes
FR15038,45.1828,5.7531,,Saint-Martin-d'Hères,38,Isère
FR15039,45.158363,5.703764,,Échirolles,38,Isère
FR15043,45.1619,5.7356,,Grenoble,38,Isère
FR15045,45.0578,5.6767,,Vif,38,Isère
FR15046,45.18069,5.720625,,Grenoble,38,Isère
FR15048,45.2797,5.8822,,Crolles,38,Isère
FR15053,45.15467,5.74523,,Eybens,38,Isère
FR16001,48.608818,7.708917,STRASBOURG-ENTZHEIM,Schiltigheim,67,Bas-Rhin
FR16017,48.919357,8.158458,,Munchhausen,67,Bas-Rhin
FR16029,48.610363,7.781631,STRASBOURG-ENTZHEIM,Strasbourg,67,Bas-Rhin
FR16031,48.85731,7.314175,,La Petite-Pierre,67,Bas-Rhin
FR16034,48.59043,7.744983,STRASBOURG-ENTZHEIM,Strasbourg,67,Bas-Rhin
FR16038,48.570374,7.766331,STRASBOURG-ENTZHEIM,Strasbourg,67,Bas-Rhin
FR16040,48.575985,7.727478,STRASBOURG-ENTZHEIM,Strasbourg,67,Bas-Rhin
FR16041,48.5157,7.687819,STRASBOURG-ENTZHEIM,Geispolsheim,67,Bas-Rhin
FR16051,47.80596,7.125433,,Vieux-Thann,68,Haut-Rhin
FR16052,47.810932,7.105553,,Thann,68,Haut-Rhin
FR16054,48.074642,7.350667,COLMAR-HOUSSEN,Colmar,68,Haut-Rhin
FR16057,47.757435,7.347294,,Mulhouse,68,Haut-Rhin
FR16059,47.820248,7.538683,,Chalampé,68,Haut-Rhin
FR16060,47.594913,7.568175,BALE-MULHOUSE,Village-Neuf,68,Haut-Rhin
FR16064,48.065414,7.333139,COLMAR-HOUSSEN,Colmar,68,Haut-Rhin
FR16065,47.723106,7.341603,,Brunstatt-Didenheim,68,Haut-Rhin
FR16066,47.737415,7.309075,,Mulhouse,68,Haut-Rhin
FR16067,47.80221,7.122844,,Vieux-Thann,68,Haut-Rhin
FR16068,48.081696,7.364589,COLMAR-HOUSSEN,Colmar,68,Haut-Rhin
FR16069,47.747684,7.321364,,Mulhouse,68,Haut-Rhin
FR16302,48.492992,7.1298,,Grandfontaine,67,Bas-Rhin
FR16508,47.8144,7.1047,,Thann,68,Haut-Rhin
FR16512,48.81542,7.797019,,Haguenau,67,Bas-Rhin
FR16516,47.814,7.10456,,Thann,68,Haut-Rhin
FR18008,49.863,3.307,,Omissy,02,Aisne
FR18019,49.276386,2.482167,,Nogent-sur-Oise,60,Oise
FR18035,49.86889,2.239806,,Salouël,80,Somme
FR18036,49.43889,2.094444,BEAUVAIS-TILLE,Beauvais,60,Oise
FR18039,50.129448,1.610833,,Arrest,80,Somme
FR18040,49.920666,4.090556,,Hirson,02,Aisne
FR18042,49.851334,3.284,,Saint-Quentin,02,Aisne
FR18043,49.259552,2.474397,,Creil,60,Oise
FR18045,49.696697,2.801139,,Roye,80,Somme
FR18048,49.403618,3.361543,,Crouy,02,Aisne
FR18049,49.61311,3.223342,,Chauny,02,Aisne
FR18053,49.90167,2.304597,,Amiens,80,Somme
FR18054,49.920555,4.090556,,Hirson,02,Aisne
FR18055,49.26034,2.475004,,Creil,60,Oise
FR18057,49.17493,3.260819,,Neuilly-Saint-Front,02,Aisne
FR18079,49.87722,2.2825,,Amiens,80,Somme
FR18080,49.84282,3.281439,,Saint-Quentin,02,Aisne
FR18089,49.435932,2.084292,BEAUVAIS-TILLE,Beauvais,60,Oise
FR19002,48.10861,-1.66586,RENNES-ST-JACQUES,Rennes,35,Ille-et-Vilaine
FR19005,48.08861,-1.659722,RENNES-ST-JACQUES,Rennes,35,Ille-et-Vilaine
FR19007,48.10751,-1.67984,RENNES-ST-JACQUES,Rennes,35,Ille-et-Vilaine
FR19008,47.83192,-1.83633,,Guipry-Messac,35,Ille-et-Vilaine
FR19010,48.11075,-1.68292,RENNES-ST-JACQUES,Rennes,35,Ille-et-Vilaine
FR19012,48.38618,-4.4866,BREST-BRETAGNE,Brest,29,Finistère
FR19014,48.39746,-4.48871,BREST-BRETAGNE,Brest,29,Finistère
FR19015,48.41193,-4.47506,BREST-BRETAGNE,Brest,29,Finistère
FR19016,48.359444,-4.568055,BREST-BRETAGNE,Plouzané,29,Finistère
FR19017,48.08965,-1.65911,RENNES-ST-JACQUES,Rennes,35,Ille-et-Vilaine
FR19018,48.082882,-1.834583,RENNES-ST-JACQUES,Mordelles,35,Ille-et-Vilaine
FR19019,48.12659,-1.68606,RENNES-ST-JACQUES,Rennes,35,Ille-et-Vilaine
FR19020,48.261963,-2.943631,,Merléac,22,Côtes-d'Armor
FR19021,47.75171,-3.37501,LORIENT-LANN-BIHOUE,Lorient,56,Morbihan
FR19031,47.65704,-2.75826,,Vannes,56,Morbihan
FR19032,47.7425,-3.39501,LORIENT-LANN-BIHOUE,Lorient,56,Morbihan
FR19033,47.64892,-2.76399,,Vannes,56,Morbihan
FR19037,47.758945,-3.36938,LORIENT-LANN-BIHOUE,Lorient,56,Morbihan
FR19051,47.998158,-4.104136,QUIMPER-PLUGUFFAN,Quimper,29,Finistère
FR19052,47.99612,-4.09972,QUIMPER-PLUGUFFAN,Quimper,29,Finistère
FR19053,47.986607,-4.097658,QUIMPER-PLUGUFFAN,Quimper,29,Finistère
FR19061,48.51351,-2.74953,SAINT-BRIEUC-ARMOR,Saint-Brieuc,22,Côtes-d'Armor
FR19081,48.65473,-1.99614,DINARD-PLEURTUIT-ST-MALO,Saint-Malo,35,Ille-et-Vilaine
FR19082,48.65306,-2.00268,DINARD-PLEURTUIT-ST-MALO,Saint-Malo,35,Ille-et-Vilaine
FR19091,48.347504,-1.20162,,Fougères,35,Ille-et-Vilaine
FR19501,48.11825,-1.67204,RENNES-ST-JACQUES,Rennes,35,Ille-et-Vilaine
FR19502,48.1094,-1.68451,RENNES-ST-JACQUES,Rennes,35,Ille-et-Vilaine
FR19503,47.75947,-3.380389,LORIENT-LANN-BIHOUE,Lorient,56,Morbihan
FR20003,45.7681,4.8503,LYON-BRON-BRON,Lyon,69,Rhône
FR20004,45.755318,4.820331,LYON-BRON-BRON,Lyon,69,Rhône
FR20013,45.720024,4.818156,LYON-BRON-BRON,La Mulatière,69,Rhône
FR20017,45.73529,4.829794,LYON-BRON-BRON,Lyon,69,Rhône
FR20019,45.75836,4.886214,LYON-BRON-BRON|LYON-SAINT-EXUPERY,Villeurbanne,69,Rhône
FR20029,45.6639,4.8459,LYON-BRON-BRON,Feyzin,69,Rhône
FR20031,45.7078,4.8644,LYON-BRON-BRON|LYON-SAINT-EXUPERY,Saint-Fons,69,Rhône
FR20034,45.69953,4.829694,LYON-BRON-BRON,Pierre-Bénite,69,Rhône
FR20037,45.6019,4.8022,LYON-BRON-BRON,Ternay,69,Rhône
FR20045,45.7317,4.9803,LYON-BRON-BRON|LYON-SAINT-EXUPERY,Genas,69,Rhône
FR20046,45.7789,4.9247,LYON-BRON-BRON|LYON-SAINT-EXUPERY,Vaulx-en-Velin,69,Rhône
FR20047,45.823223,4.953958,LYON-BRON-BRON|LYON-SAINT-EXUPERY,Miribel,01,Ain
FR20048,45.7533,5.0722,LYON-BRON-BRON|LYON-SAINT-EXUPERY,Pusignan,69,Rhône
FR20049,45.96141,4.465711,,Dième,69,Rhône
FR20060,45.7036,4.8836,LYON-BRON-BRON|LYON-SAINT-EXUPERY,Vénissieux,69,Rhône
FR20061,45.986217,4.719637,,Villefranche-sur-Saône,69,Rhône
FR20062,45.757732,4.854214,LYON-BRON-BRON|LYON-SAINT-EXUPERY,Lyon,69,Rhône
FR20064,45.650616,4.816911,LYON-BRON-BRON,Vernaison,69,Rhône
FR20067,45.72827,4.875669,LYON-BRON-BRON|LYON-SAINT-EXUPERY,Lyon,69,Rhône
FR20068,45.936275,4.796111,,Trévoux,01,Ain
FR20069,45.77482,4.898572,LYON-BRON-BRON|LYON-SAINT-EXUPERY,Villeurbanne,69,Rhône
FR20070,45.749695,4.844389,LYON-BRON-BRON,Lyon,69,Rhône
FR20077,45.990112,4.715566,,Villefranche-sur-Saône,69,Rhône
FR21001,49.19222,-0.391111,CAEN-CARPIQUET,Caen,14,Calvados
FR21016,49.175278,-0.353611,CAEN-CARPIQUET,Caen,14,Calvados
FR21017,49.289444,-0.257778,,Ouistreham,14,Calvados
FR21019,49.15167,-0.352778,CAEN-CARPIQUET,Ifs,14,Calvados
FR21021,49.147224,0.227222,,Lisieux,14,Calvados
FR21031,48.445553,0.110833,,Cerisé,61,Orne
FR21035,49.63639,-1.626667,CHERBOURG-MAUPERTUS,Cherbourg-en-Cotentin,50,Manche
FR21037,49.64695,-1.59342,CHERBOURG-MAUPERTUS,Cherbourg-en-Cotentin,50,Manche
FR21038,49.64225,-1.624361,CHERBOURG-MAUPERTUS,Cherbourg-en-Cotentin,50,Manche
FR21040,49.11639,-1.084722,,Saint-Lô,50,Manche
FR21050,48.645,-0.458333,,La Coulonche,61,Orne
FR21060,49.117195,-0.169666,,Moult-Chicheboville,14,Calvados
FR21500,49.18888,-0.35946,CAEN-CARPIQUET,Caen,14,Calvados
FR21501,49.178303,-0.31905,CAEN-CARPIQUET,Mondeville,14,Calvados
FR22004,49.146526,6.815419,,Freyming-Merlebach,57,Moselle
FR22005,49.157528,6.744167,,L'Hôpital,57,Moselle
FR22007,49.166,6.734,,L'Hôpital,57,Moselle
FR22009,49.165726,6.716886,,Carling,57,Moselle
FR22011,49.158413,6.731664,,L'Hôpital,57,Moselle
FR22014,49.19539,6.957444,,Spicheren,57,Moselle
FR22016,49.104137,6.70375,,Saint-Avold,57,Moselle
FR22017,49.125977,7.381747,,Volmunster,57,Moselle
FR22019,49.220364,6.925833,,Schœneck,57,Moselle
FR22022,49.118343,7.083539,,Sarreguemines,57,Moselle
FR22054,49.18742,6.910867,,Forbach,57,Moselle
FR23001,47.324097,-2.081567,SAINT-NAZAIRE-MONTOIR,Donges,44,Loire-Atlantique
FR23003,47.322704,-2.039244,SAINT-NAZAIRE-MONTOIR,Donges,44,Loire-Atlantique
FR23004,47.317284,-2.073306,SAINT-NAZAIRE-MONTOIR,Donges,44,Loire-Atlantique
FR23068,47.24747,-1.936619,,Frossay,44,Loire-Atlantique
FR23069,47.36075,-1.95475,SAINT-NAZAIRE-MONTOIR,Savenay,44,Loire-Atlantique
FR23070,47.28318,-1.783164,,Saint-Étienne-de-Montluc,44,Loire-Atlantique
FR23075,47.315727,-2.190764,SAINT-NAZAIRE-MONTOIR,Trignac,44,Loire-Atlantique
FR23078,47.054443,-0.886111,CHOLET-LE-PONTREAU,Cholet,49,Maine-et-Loire
FR23092,48.001293,0.20095,LE-MANS-ARNAGE,Le Mans,72,Sarthe
FR23107,47.252777,-1.573333,NANTES-ATLANTIQUE,Nantes,44,Loire-Atlantique
FR23110,47.26412,-2.249858,SAINT-NAZAIRE-MONTOIR,Saint-Nazaire,44,Loire-Atlantique
FR23120,47.468513,-0.556053,,Angers,49,Maine-et-Loire
FR23123,48.06943,-0.767692,LAVAL-ENTRAMMES,Laval,53,Mayenne
FR23124,46.656685,-0.743681,,La Tardière,85,Vendée
FR23140,47.204357,-1.552914,NANTES-ATLANTIQUE,Nantes,44,Loire-Atlantique
FR23143,47.28472,-2.210833,SAINT-NAZAIRE-MONTOIR,Saint-Nazaire,44,Loire-Atlantique
FR23149,47.286114,-2.032289,SAINT-NAZAIRE-MONTOIR,Paimbœuf,44,Loire-Atlantique
FR23150,47.44739,-0.550067,,Angers,49,Maine-et-Loire
FR23152,46.6607,-1.436831,,La Roche-sur-Yon,85,Vendée
FR23153,47.331524,-2.151625,SAINT-NAZAIRE-MONTOIR,Montoir-de-Bretagne,44,Loire-Atlantique
FR23157,47.146088,-1.690269,NANTES-ATLANTIQUE,Bouaye,44,Loire-Atlantique
FR23163,47.92192,0.151825,LE-MANS-ARNAGE,Spay,72,Sarthe
FR23174,47.98892,0.195983,LE-MANS-ARNAGE,Le Mans,72,Sarthe
FR23175,47.430164,-0.610064,,Bouchemaine,49,Maine-et-Loire
FR23177,47.78773,-0.444044,,Saint-Denis-d'Anjou,53,Mayenne
FR23178,47.319157,-2.066953,SAINT-NAZAIRE-MONTOIR,Donges,44,Loire-Atlantique
FR23181,47.273056,-2.223056,SAINT-NAZAIRE-MONTOIR,Saint-Nazaire,44,Loire-Atlantique
FR23182,47.971066,0.221422,LE-MANS-ARNAGE,Le Mans,72,Sarthe
FR23188,47.2225,-1.5375,NANTES-ATLANTIQUE,Nantes,44,Loire-Atlantique
FR23229,48.072517,-0.773236,LAVAL-ENTRAMMES,Laval,53,Mayenne
FR23230,47.253056,-2.332067,SAINT-NAZAIRE-MONTOIR,Pornichet,44,Loire-Atlantique
FR23235,48.31929,-0.60185,,Mayenne,53,Mayenne
FR23236,47.6964,-0.0736,,La Flèche,72,Sarthe
FR23238,47.19415,-1.5816778,NANTES-ATLANTIQUE,Rezé,44,Loire-Atlantique
FR23239,47.18592,-1.5914972,NANTES-ATLANTIQUE,Bouguenais,44,Loire-Atlantique
FR23242,47.46699,-0.554686,,Angers,49,Maine-et-Loire
FR23249,47.32108,-2.127322,SAINT-NAZAIRE-MONTOIR,Montoir-de-Bretagne,44,Loire-Atlantique
FR23251,47.20412,-1.564811,NANTES-ATLANTIQUE,Nantes,44,Loire-Atlantique
FR24003,43.71009,7.265102,NICE-COTE-D'AZUR,Nice,06,Alpes-Maritimes
FR24006,43.580894,7.12222,CANNES-MANDELIEU|NICE-COTE-D'AZUR,Antibes,06,Alpes-Maritimes
FR24007,43.598804,7.093153,CANNES-MANDELIEU|NICE-COTE-D'AZUR,Antibes,06,Alpes-Maritimes
FR24009,43.558388,7.005919,CANNES-MANDELIEU,Cannes,06,Alpes-Maritimes
FR24011,43.68519,7.211174,NICE-COTE-D'AZUR,Nice,06,Alpes-Maritimes
FR24013,44.073345,7.225241,,Valdeblore,06,Alpes-Maritimes
FR24014,44.09469,6.988978,,Beuil,06,Alpes-Maritimes
FR24015,43.65777,6.920878,CANNES-MANDELIEU,Grasse,06,Alpes-Maritimes
FR24017,44.08325,6.002581,,Château-Arnoux-Saint-Auban,04,Alpes-de-Haute-Provence
FR24018,43.835785,5.786131,,Manosque,04,Alpes-de-Haute-Provence
FR24020,43.658337,7.157846,NICE-COTE-D'AZUR,Cagnes-sur-Mer,06,Alpes-Maritimes
FR24021,43.786583,7.373283,,Peillon,06,Alpes-Maritimes
FR24023,43.78875,7.332382,NICE-COTE-D'AZUR,Contes,06,Alpes-Maritimes
FR24024,44.895805,6.635561,,Briançon,05,Hautes-Alpes
FR24032,43.758533,7.478833,,Roquebrune-Cap-Martin,06,Alpes-Maritimes
FR24033,44.555195,6.073015,,Gap,05,Hautes-Alpes
FR24035,43.68929,7.242074,NICE-COTE-D'AZUR,Nice,06,Alpes-Maritimes
FR24036,43.702076,7.286256,NICE-COTE-D'AZUR,Nice,06,Alpes-Maritimes
FR24038,44.54865,6.067237,,Gap,05,Hautes-Alpes
FR24039,43.933475,5.711809,,Saint-Michel-l'Observatoire,04,Alpes-de-Haute-Provence
FR24040,43.791912,7.048276,,Coursegoules,06,Alpes-Maritimes
FR25011,49.383133,1.025758,ROUEN-VALLEE-DE-SEINE,Petit-Couronne,76,Seine-Maritime
FR25032,49.291107,1.007433,ROUEN-VALLEE-DE-SEINE,Elbeuf,76,Seine-Maritime
FR25034,49.378246,1.001322,ROUEN-VALLEE-DE-SEINE,Val-de-la-Haye,76,Seine-Maritime
FR25035,49.358215,1.007853,ROUEN-VALLEE-DE-SEINE,Grand-Couronne,76,Seine-Maritime
FR25036,49.442356,1.093789,ROUEN-VALLEE-DE-SEINE,Rouen,76,Seine-Maritime
FR25037,49.441463,1.082656,ROUEN-VALLEE-DE-SEINE,Rouen,76,Seine-Maritime
FR25039,49.02134,1.148319,,Évreux,27,Eure
FR25040,49.40619,1.15515,ROUEN-VALLEE-DE-SEINE,Le Mesnil-Esnard,76,Seine-Maritime
FR25043,49.4005,1.099042,ROUEN-VALLEE-DE-SEINE,Sotteville-lès-Rouen,76,Seine-Maritime
FR25044,49.389496,1.030703,ROUEN-VALLEE-DE-SEINE,Petit-Couronne,76,Seine-Maritime
FR25045,49.916363,0.957178,,Sainte-Marguerite-sur-Mer,76,Seine-Maritime
FR25047,49.40986,1.053736,ROUEN-VALLEE-DE-SEINE,Le Grand-Quevilly,76,Seine-Maritime
FR25048,49.42815,1.058025,ROUEN-VALLEE-DE-SEINE,Le Petit-Quevilly,76,Seine-Maritime
FR25049,49.30487,1.214367,ROUEN-VALLEE-DE-SEINE,Val-de-Reuil,27,Eure
FR25050,49.78122,1.345083,,Bures-en-Bray,76,Seine-Maritime
FR25051,49.918007,1.073972,,Dieppe,76,Seine-Maritime
FR25052,49.02021,1.138717,,Évreux,27,Eure
FR25053,49.4367,1.098838,ROUEN-VALLEE-DE-SEINE,Rouen,76,Seine-Maritime
FR25054,49.434162,1.0670527,ROUEN-VALLEE-DE-SEINE,Le Petit-Quevilly,76,Seine-Maritime
FR25055,49.92049,1.047892,,Dieppe,76,Seine-Maritime
FR25500,49.4393,1.088,ROUEN-VALLEE-DE-SEINE,Rouen,76,Seine-Maritime
FR25501,49.6713,1.2843,,Saint-Saëns,76,Seine-Maritime
FR25502,49.385,1.0187,ROUEN-VALLEE-DE-SEINE,Petit-Couronne,76,Seine-Maritime
FR25503,49.3793,1.0304,ROUEN-VALLEE-DE-SEINE,Petit-Couronne,76,Seine-Maritime
FR25505,49.00922,1.15669,,Évreux,27,Eure
FR26001,47.31861,5.041389,DIJON-LONGVIC,Dijon,21,Côte-d'Or
FR26002,47.304665,5.02008,DIJON-LONGVIC,Dijon,21,Côte-d'Or
FR26005,47.30737,5.065881,DIJON-LONGVIC,Dijon,21,Côte-d'Or
FR26007,47.34139,5.046944,DIJON-LONGVIC,Dijon,21,Côte-d'Or
FR26010,47.3456,5.002377,DIJON-LONGVIC,Daix,21,Côte-d'Or
FR26012,47.27476,4.099476,,Saint-Brisson,58,Nièvre
FR26014,47.325745,5.041056,DIJON-LONGVIC,Dijon,21,Côte-d'Or
FR26016,48.200436,3.2773,,Sens,89,Yonne
FR26017,46.996826,3.171092,,Nevers,58,Nièvre
FR26019,47.800575,3.576189,AUXERRE-BRANCHES,Auxerre,89,Yonne
FR26035,47.13723,4.950573,,Nuits-Saint-Georges,21,Côte-d'Or
FR26043,47.31546,5.040202,DIJON-LONGVIC,Dijon,21,Côte-d'Or
FR26114,47.182175,6.139338,,Le Gratteris,25,Doubs
FR27002,45.36782,4.805147,,Roussillon,38,Isère
FR27003,45.454517,4.766528,,Les Roches-de-Condrieu,38,Isère
FR27004,45.52597,4.875408,,Vienne,38,Isère
FR27005,45.321846,4.770702,,Sablons,38,Isère
FR27007,45.60822,5.270872,,Bourgoin-Jallieu,38,Isère
FR27008,45.35327,4.804847,,Salaise-sur-Sanne,38,Isère
FR27010,45.4609,5.181081,GRENOBLE-ISERE,Lieudieu,38,Isère
FR27011,45.344078,4.807481,,Salaise-sur-Sanne,38,Isère
FR28010,50.44914,2.9,,Harnes,62,Pas-de-Calais
FR28020,50.483925,2.6613,,Nœux-les-Mines,62,Pas-de-Calais
FR28022,50.30886,2.807369,,Saint-Laurent-Blangy,62,Pas-de-Calais
FR28023,50.496506,2.86725,LILLE-LESQUIN,Wingles,62,Pas-de-Calais
FR28024,50.642612,2.723889,,Estaires,59,Nord
FR28027,50.43464,3.02964,LILLE-LESQUIN,Évin-Malmaison,62,Pas-de-Calais
FR28028,50.535385,2.635692,,Béthune,62,Pas-de-Calais
FR28033,50.48972,2.66642,,Verquigneul,62,Pas-de-Calais
FR28034,50.62576,2.4732277,,Isbergues,62,Pas-de-Calais
FR28115,50.428604,2.836111,,Lens,62,Pas-de-Calais
FR28131,50.4368,2.826683,,Lens,62,Pas-de-Calais
FR29421,45.46672,4.389781,SAINT-ETIENNE-BOUTHEON,Saint-Étienne,42,Loire
FR29423,46.04111,4.074656,ROANNE-RENAISON,Roanne,42,Loire
FR29424,45.42009,4.395422,SAINT-ETIENNE-BOUTHEON,Saint-Étienne,42,Loire
FR29426,45.475327,4.515003,SAINT-ETIENNE-BOUTHEON,Saint-Chamond,42,Loire
FR29428,45.422077,4.412831,SAINT-ETIENNE-BOUTHEON,Saint-Étienne,42,Loire
FR29429,45.533424,4.623939,,Rive-de-Gier,42,Loire
FR29439,45.481777,4.429667,SAINT-ETIENNE-BOUTHEON,La Talaudière,42,Loire
FR29440,45.38958,4.615817,,Roisey,42,Loire
FR29441,45.44798,4.388764,SAINT-ETIENNE-BOUTHEON,Saint-Étienne,42,Loire
FR30016,48.685856,6.175111,,Nancy,54,Meurthe-et-Moselle
FR30018,48.024605,6.585836,,Remiremont,88,Vosges
FR30019,48.17278,6.452811,,Épinal,88,Vosges
FR30020,48.77586,5.162789,,Bar-le-Duc,55,Meuse
FR30021,48.621502,6.194922,,Fléville-devant-Nancy,54,Meurthe-et-Moselle
FR30022,48.072002,6.873001,,Gérardmer,88,Vosges
FR30023,48.63334,6.304828,,Saint-Nicolas-de-Port,54,Meurthe-et-Moselle
FR30024,48.68838,6.221456,,Tomblaine,54,Meurthe-et-Moselle
FR30026,48.584824,6.4839,,Lunéville,54,Meurthe-et-Moselle
FR30027,48.565445,6.129578,,Frolois,54,Meurthe-et-Moselle
FR30028,48.051117,7.011114,,Xonrupt-Longemer,88,Vosges
FR30029,48.19361,5.937222,,Vittel,88,Vosges
FR30030,48.614914,6.107672,,Neuves-Maisons,54,Meurthe-et-Moselle
FR30031,48.6931,6.168019,,Nancy,54,Meurthe-et-Moselle
FR30032,48.694725,6.965275,,Héming,57,Moselle
FR30033,49.06583,5.785556,,Jonville-en-Woëvre,55,Meuse
FR30034,48.68817,6.190431,,Nancy,54,Meurthe-et-Moselle
FR30036,48.69708,6.154194,,Nancy,54,Meurthe-et-Moselle
FR30037,48.656944,6.136022,,Villers-lès-Nancy,54,Meurthe-et-Moselle
FR31001,44.86139,-0.579444,BORDEAUX-MERIGNAC,Bordeaux,33,Gironde
FR31002,44.800556,-0.588056,BORDEAUX-MERIGNAC,Talence,33,Gironde
FR31003,44.849724,-0.543889,BORDEAUX-MERIGNAC,Bordeaux,33,Gironde
FR31005,44.84139,-0.579722,BORDEAUX-MERIGNAC,Bordeaux,33,Gironde
FR31006,44.84139,-0.65,BORDEAUX-MERIGNAC,Mérignac,33,Gironde
FR31007,44.900276,-0.514722,BORDEAUX-MERIGNAC,Bassens,33,Gironde
FR31008,44.865555,-0.939444,BORDEAUX-MERIGNAC,Le Temple,33,Gironde
FR31010,45.012222,-0.528333,,Ambès,33,Gironde
FR31013,43.310833,-0.391111,PAU-PYRENEES,Billère,64,Pyrénées-Atlantiques
FR31014,43.307777,-0.322778,PAU-PYRENEES,Bizanos,64,Pyrénées-Atlantiques
FR31016,43.47972,-1.488056,BIARRITZ-BAYONNE-ANGLET,Bayonne,64,Pyrénées-Atlantiques
FR31017,43.49403,-1.528765,BIARRITZ-BAYONNE-ANGLET,Anglet,64,Pyrénées-Atlantiques
FR31019,43.359722,-0.566944,PAU-PYRENEES,Abos,64,Pyrénées-Atlantiques
FR31020,43.410557,-0.616944,PAU-PYRENEES,Lacq,64,Pyrénées-Atlantiques
FR31021,43.376274,-0.538192,PAU-PYRENEES,Labastide-Cézéracq,64,Pyrénées-Atlantiques
FR31022,43.40972,-0.671667,,Mont,64,Pyrénées-Atlantiques
FR31023,43.434166,-0.691944,,Maslacq,64,Pyrénées-Atlantiques
FR31024,43.376945,-0.609444,PAU-PYRENEES,Mourenx,64,Pyrénées-Atlantiques
FR31026,43.838333,-0.810833,,Tartas,40,Landes
FR31027,43.03361,-1.035278,,Larrau,64,Pyrénées-Atlantiques
FR31030,44.7225,-0.576111,BORDEAUX-MERIGNAC,Léognan,33,Gironde
FR31031,44.913055,-0.384444,,Saint-Sulpice-et-Cameyrac,33,Gironde
FR31032,44.192223,0.623889,AGEN-LA-GARENNE,Agen,47,Lot-et-Garonne
FR31033,45.18972,0.727222,PERIGUEUX-BASSILLAC,Périgueux,24,Dordogne
FR31034,45.012222,-0.529722,,Ambès,33,Gironde
FR31036,43.704723,-1.038611,,Dax,40,Landes
FR31039,43.31109,-0.352119,PAU-PYRENEES,Pau,64,Pyrénées-Atlantiques
FR31040,44.508656,0.142503,,Marmande,47,Lot-et-Garonne
FR31041,43.8961,-0.491403,,Mont-de-Marsan,40,Landes
FR31043,43.47024,-1.553843,BIARRITZ-BAYONNE-ANGLET,Biarritz,64,Pyrénées-Atlantiques
FR31045,44.83383,-0.59853,BORDEAUX-MERIGNAC,Bordeaux,33,Gironde
FR32001,46.78231,4.847322,,Chalon-sur-Saône,71,Saône-et-Loire
FR32002,46.821056,4.835083,,Champforgeuil,71,Saône-et-Loire
FR32005,46.678783,4.366893,,Montceau-les-Mines,71,Saône-et-Loire
FR32006,46.316174,4.839994,,Mâcon,71,Saône-et-Loire
FR32007,46.802376,4.417486,,Le Creusot,71,Saône-et-Loire
FR32014,46.797363,4.853842,,Chalon-sur-Saône,71,Saône-et-Loire
FR33101,45.56472,5.928333,CHAMBERY-AIX-LES-BAINS,Chambéry,73,Savoie
FR33102,45.59667,5.918611,CHAMBERY-AIX-LES-BAINS,Chambéry,73,Savoie
FR33105,45.56943,5.932986,CHAMBERY-AIX-LES-BAINS,Chambéry,73,Savoie
FR33111,45.274723,6.349722,,Saint-Jean-de-Maurienne,73,Savoie
FR33113,45.209366,6.480326,,Saint-Michel-de-Maurienne,73,Savoie
FR33114,45.25199,6.397194,,Saint-Julien-Mont-Denis,73,Savoie
FR33120,45.9225,6.87,,Chamonix-Mont-Blanc,74,Haute-Savoie
FR33121,45.675,6.389722,,Albertville,73,Savoie
FR33122,45.53583,6.471111,,La Léchère,73,Savoie
FR33201,45.89528,6.118333,ANNECY-MEYTHET,Annecy,74,Haute-Savoie
FR33202,45.916943,6.135556,ANNECY-MEYTHET,Annecy,74,Haute-Savoie
FR33203,45.9097,6.11825,ANNECY-MEYTHET,Annecy,74,Haute-Savoie
FR33211,46.19583,6.240556,,Annemasse,74,Haute-Savoie
FR33212,46.19369,6.214858,,Gaillard,74,Haute-Savoie
FR33213,46.19081,6.235536,,Annemasse,74,Haute-Savoie
FR33220,45.92361,6.713611,MEGEVE-MEGEVE,Passy,74,Haute-Savoie
FR33232,45.907223,6.845833,,Chamonix-Mont-Blanc,74,Haute-Savoie
FR33302,46.072224,5.820833,,Saint-Germain-sur-Rhône,74,Haute-Savoie
FR33305,46.211666,5.226389,,Bourg-en-Bresse,01,Ain
FR33720,45.7467,6.4208,,Ugine,73,Savoie
FR34003,47.630177,1.569311,,Thoury,41,Loir-et-Cher
FR34009,47.9531,1.8728,,Saran,45,Loiret
FR34011,47.899445,1.910294,,Orléans,45,Loiret
FR34012,47.836617,1.927694,,Orléans,45,Loiret
FR34013,47.90708,1.901139,,Orléans,45,Loiret
FR34014,47.917397,1.966258,,Saint-Jean-de-Braye,45,Loiret
FR34017,47.958973,2.009278,,Marigny-les-Usages,45,Loiret
FR34018,47.99789,2.7195,,Villemandeur,45,Loiret
FR34024,47.34414,0.653778,TOURS-VAL-DE-LOIRE,Joué-lès-Tours,37,Indre-et-Loire
FR34025,47.419083,0.682944,TOURS-VAL-DE-LOIRE,Tours,37,Indre-et-Loire
FR34026,47.46925,0.717333,TOURS-VAL-DE-LOIRE,Chanceaux-sur-Choisille,37,Indre-et-Loire
FR34028,47.394638,0.704861,TOURS-VAL-DE-LOIRE,Tours,37,Indre-et-Loire
FR34029,47.83775,1.944667,,Orléans,45,Loiret
FR34030,47.075043,2.407183,BOURGES,Bourges,18,Cher
FR34032,47.08278,2.405333,BOURGES,Bourges,18,Cher
FR34034,47.222027,2.073,,Vierzon,18,Cher
FR34038,46.814693,2.610069,,Verneuil,18,Cher
FR34041,48.444416,1.510139,,Chartres,28,Eure-et-Loir
FR34042,48.439304,1.468778,,Lucé,28,Eure-et-Loir
FR34043,48.39114,1.955611,,Oysonville,28,Eure-et-Loir
FR34046,48.729694,1.358472,,Dreux,28,Eure-et-Loir
FR34047,48.760887,1.233639,,Saint-Rémy-sur-Avre,28,Eure-et-Loir
FR34048,48.449158,1.492469,,Chartres,28,Eure-et-Loir
FR34051,46.79828,1.693139,CHATEAUROUX-DEOLS,Châteauroux,36,Indre
FR34054,47.170166,1.409694,,Villentrois-Faverolles-en-Berry,36,Indre
FR34056,46.86453,1.771944,CHATEAUROUX-DEOLS,Montierchaume,36,Indre
FR34057,46.942944,2.00325,,Issoudun,36,Indre
FR34061,47.594257,1.302667,,Blois,41,Loir-et-Cher
FR34062,47.584305,1.332694,,Blois,41,Loir-et-Cher
FR34063,47.586544,1.326533,,Blois,41,Loir-et-Cher
FR34064,48.006935,2.740111,,Montargis,45,Loiret
FR34065,47.996994,2.731511,,Montargis,45,Loiret
FR34084,47.38944,0.7225,TOURS-VAL-DE-LOIRE,Saint-Pierre-des-Corps,37,Indre-et-Loire
FR34102,48.16083,2.043611,,Bazoches-les-Gallerandes,45,Loiret
FR34108,48.166058,2.044028,,Bazoches-les-Gallerandes,45,Loiret
FR35002,45.89,0.9,,Saint-Junien,87,Haute-Vienne
FR35003,45.8311,1.256875,LIMOGES-BELLEGARDE,Limoges,87,Haute-Vienne
FR35004,45.158745,1.537222,BRIVE-VALLEE-DE-DORDOGNE-,Brive-la-Gaillarde,19,Corrèze
FR35005,46.17,1.87,,Guéret,23,Creuse
FR35006,45.26,1.76,,Tulle,19,Corrèze
FR35007,45.869995,1.31,LIMOGES-BELLEGARDE,Le Palais-sur-Vienne,87,Haute-Vienne
FR35010,45.829952,1.254846,LIMOGES-BELLEGARDE,Limoges,87,Haute-Vienne
FR35012,45.809998,2.06,,La Nouaille,23,Creuse
FR35019,45.87583,0.823889,,Saillat-sur-Vienne,87,Haute-Vienne
FR35023,45.263615,1.763889,,Tulle,19,Corrèze
FR35027,45.84222,1.25967,LIMOGES-BELLEGARDE,Limoges,87,Haute-Vienne
FR35903,45.8781,1.3305,LIMOGES-BELLEGARDE,Le Palais-sur-Vienne,87,Haute-Vienne
FR36001,44.870243,4.876289,VALENCE-CHABEUIL,Portes-lès-Valence,26,Drôme
FR36002,44.933514,4.893481,VALENCE-CHABEUIL,Valence,26,Drôme
FR36003,44.94894,4.88975,VALENCE-CHABEUIL,Bourg-lès-Valence,26,Drôme
FR36005,44.520744,5.089872,,Dieulefit,26,Drôme
FR36007,44.675938,4.673586,,Saint-Bauzile,07,Ardèche
FR36019,45.0425,5.0443,VALENCE-CHABEUIL,Romans-sur-Isère,26,Drôme
FR36021,44.569443,5.278972,,Saint-Nazaire-le-Désert,26,Drôme
FR36022,44.622276,4.384979,,Aubenas,07,Ardèche
FR36025,45.242825,4.672595,,Annonay,07,Ardèche
FR36032,44.9492,4.890133,VALENCE-CHABEUIL,Bourg-lès-Valence,26,Drôme
FR37001,16.257307,-61.591724,,Baie-Mahault,971,Guadeloupe
FR37002,16.238056,-61.53754,,Pointe-à-Pitre,971,Guadeloupe
FR37006,16.23674,-61.5341,,Pointe-à-Pitre,971,Guadeloupe
FR37007,16.25066,-61.527794,,Les Abymes,971,Guadeloupe
FR37010,15.994349,-61.727203,,Basse-Terre,971,Guadeloupe
FR37040,16.254086,-61.53713,,Les Abymes,971,Guadeloupe
FR38001,-20.889893,55.46884,,Saint-Denis,974,La Réunion
FR38002,-20.903294,55.468334,,Saint-Denis,974,La Réunion
FR38003,-20.962784,55.296207,,Saint-Paul,974,La Réunion
FR38005,-20.931833,55.30593,,Le Port,974,La Réunion
FR38008,-20.884575,55.453907,,Saint-Denis,974,La Réunion
FR38009,-20.910585,55.618977,,Sainte-Suzanne,974,La Réunion
FR38010,-20.943007,55.2906,,Le Port,974,La Réunion
FR38011,-21.334406,55.45906,,Saint-Pierre,974,La Réunion
FR38012,-21.342915,55.471928,,Saint-Pierre,974,La Réunion
FR38013,-20.885885,55.473427,,Saint-Denis,974,La Réunion
FR38014,-21.312895,55.474194,,Saint-Pierre,974,La Réunion
FR38016,-21.204815,55.58262,,Le Tampon,974,La Réunion
FR38017,-21.29433,55.62793,,Saint-Joseph,974,La Réunion
FR38018,-20.9498,55.313828,,Le Port,974,La Réunion
FR38019,-20.8935,55.470806,,Saint-Denis,974,La Réunion
FR38020,-21.009739,55.272675,,Saint-Paul,974,La Réunion
FR38021,-21.032139,55.232563,,Saint-Paul,974,La Réunion
FR38022,-20.998577,55.28062,,Saint-Paul,974,La Réunion
FR38023,-21.331703,55.47895,,Saint-Pierre,974,La Réunion
FR38024,-21.213211,55.302845,,Saint-Leu,974,La Réunion
FR38091,-20.928686,55.33258,,La Possession,974,La Réunion
FR38098,-21.277075,55.403065,,Saint-Louis,974,La Réunion
FR39001,14.6061,-61.0656,,Fort-de-France,972,Martinique
FR39002,14.603139,-61.07789,,Fort-de-France,972,Martinique
FR39003,14.603497,-61.041206,,Fort-de-France,972,Martinique
FR39007,14.601889,-61.05759,,Fort-de-France,972,Martinique
FR39008,14.616389,-61.100792,,Schœlcher,972,Martinique
FR39009,14.610653,-61.002586,,Le Lamentin,972,Martinique
FR39010,14.613844,-61.06349,,Fort-de-France,972,Martinique
FR39011,14.602253,-61.053642,,Fort-de-France,972,Martinique
FR39013,14.675558,-60.94609,,Le Robert,972,Martinique
FR39014,14.468869,-60.927418,,Sainte-Luce,972,Martinique
FR39015,14.607444,-61.06978,,Fort-de-France,972,Martinique
FR39016,14.678025,-60.939056,,Le Robert,972,Martinique
FR39017,14.601469,-61.08533,,Fort-de-France,972,Martinique
FR39018,14.755003,-61.17883,,Saint-Pierre,972,Martinique
FR39109,14.671083,-61.16336,,Bellefontaine,972,Martinique
FR40004,4.932214,-52.310226,,Cayenne,973,Guyane
FR40006,5.164248,-52.64649,,Kourou,973,Guyane
FR40007,4.84816,-52.3238,,Matoury,973,Guyane
FR40008,4.9378467,-52.32093,,Cayenne,973,Guyane
FR40009,4.920833,-52.321945,,Cayenne,973,Guyane
FR40010,5.034602,-52.563793,,Macouria,973,Guyane
FR40012,4.927337,-52.41119,,Macouria,973,Guyane
FR41001,41.924694,8.735694,AJACCIO-NAPOLEON-BONAPARTE,Ajaccio,2A,Corse-du-Sud
FR41002,42.697918,9.446417,BASTIA-PORETTA,Bastia,2B,Haute-Corse
FR41003,41.958027,8.820278,AJACCIO-NAPOLEON-BONAPARTE,Sarrola-Carcopino,2A,Corse-du-Sud
FR41004,42.53583,9.475972,BASTIA-PORETTA,Lucciana,2B,Haute-Corse
FR41007,41.949223,8.757583,AJACCIO-NAPOLEON-BONAPARTE,Ajaccio,2A,Corse-du-Sud
FR41017,42.671333,9.434639,BASTIA-PORETTA,Bastia,2B,Haute-Corse
FR41020,42.700085,9.451722,BASTIA-PORETTA,Bastia,2B,Haute-Corse
FR41022,41.918304,8.736778,AJACCIO-NAPOLEON-BONAPARTE,Ajaccio,2A,Corse-du-Sud
FR41024,42.236027,9.190028,,Venaco,2B,Haute-Corse
FR41059,41.92575,8.738278,AJACCIO-NAPOLEON-BONAPARTE,Ajaccio,2A,Corse-du-Sud
FR41060,42.70283,9.446389,BASTIA-PORETTA,Bastia,2B,Haute-Corse
FR42008,48.007454,6.87752,,La Bresse,88,Vosges
FR42010,48.572807,7.767833,STRASBOURG-ENTZHEIM,Strasbourg,67,Bas-Rhin
FR42011,48.81835,7.786409,,Haguenau,67,Bas-Rhin
FR42012,48.69451,6.965651,,Héming,57,Moselle
FR43001,-12.772944,45.223206,,Mamoudzou,976,Mayotte
FR43002,-12.778186,45.220234,,Mamoudzou,976,Mayotte
FR43099,-12.761174,45.226196,,Mamoudzou,976,Mayotte
FR50060,44.012856,1.3753052,,Montauban,82,Tarn-et-Garonne
FR50224,42.69587,2.888483,PERPIGNAN-RIVESALTES,Perpignan,66,Pyrénées-Orientales
FR82001,47.235973,6.023611,,Besançon,25,Doubs
FR82002,47.234905,6.029472,,Besançon,25,Doubs
FR82003,47.221973,5.971556,,Besançon,25,Doubs
FR82004,47.297306,6.051917,,Besançon,25,Doubs
FR82005,47.23461,6.076472,,Montfaucon,25,Doubs
FR82006,47.2474,6.015419,,Besançon,25,Doubs
FR82010,47.510307,6.794,,Montbéliard,25,Doubs
FR82011,47.50114,6.786083,,Montbéliard,25,Doubs
FR82012,47.538193,6.868361,,Dambenois,25,Doubs
FR82020,47.640667,6.859278,,Belfort,90,Territoire de Belfort
FR82021,47.63075,6.859028,,Belfort,90,Territoire de Belfort
FR82030,47.29464,6.825861,,Montandon,25,Doubs
FR82040,47.09672,5.496389,DOLE-TAVAUX,Dole,39,Jura
FR82041,47.04261,5.400897,DOLE-TAVAUX,Tavaux,39,Jura
FR82042,47.06564,5.415028,DOLE-TAVAUX,Damparis,39,Jura
FR82043,47.14725,5.556117,DOLE-TAVAUX,Châtenois,39,Jura
FR82050,46.671307,5.556806,,Lons-le-Saunier,39,Jura
FR82060,47.62,6.157611,,Vesoul,70,Haute-Saône
FR82070,47.351288,6.359722,,Baume-les-Dames,25,Doubs
FR82200,47.2425,6.0152,,Besançon,25,Doubs
FR82210,47.2458,6.1836,,Nancray,25,Doubs
FR82220,47.5131,6.8318,,Sochaux,25,Doubs
FR82512,47.253292,6.016094,,Besançon,25,Doubs
FR82514,47.240993,6.018156,,Besançon,25,Doubs
